Date,Value,MovingAvg,RMA,RMA_Pred,PercAvg_Pred,ExpSmooth,MonteCarlo_Pred
2010-01-01,388.91,,,,407.03744287702943,388.91,
2010-02-01,390.41,,,,407.90250651366676,389.36,
2010-03-01,391.37,,,,408.65756205778365,389.96299999999997,
2010-04-01,392.67,,,,410.14767167465,390.77509999999995,
2010-05-01,393.21,,,,409.56412874750805,391.5055699999999,
2010-06-01,392.38,,,,408.94341641940844,391.76789899999994,
2010-07-01,390.41,,,,407.1246159564055,391.36052929999994,
2010-08-01,388.54,,,,405.0451296499148,390.51437050999994,
2010-09-01,387.03,,,,403.7083646468646,389.46905935699994,
2010-10-01,387.43,,,,403.9837182360216,388.8573415498999,
2010-11-01,388.87,,,,405.5725017783003,388.8611390849299,
2010-12-01,389.99,390.10166666666663,99.97137498344449,389.3853821832738,407.01794144244633,389.19979735945094,
2011-01-01,391.5,390.3175,100.30295848892249,390.57510910674796,407.03744287702943,389.8898581516156,391.6886727040283
2011-02-01,392.05,390.45416666666665,100.40871207674824,391.3009737204626,407.90250651366676,390.5379007061309,392.8165469802972
2011-03-01,392.8,390.5733333333333,100.57010207216742,391.9365254784836,408.65756205778365,391.21653049429165,393.9631804444622
2011-04-01,393.44,390.6375,100.71741704265465,393.2394208398084,410.14767167465,391.8835713460041,395.3267977656991
2011-05-01,394.41,390.73749999999995,100.9398893118782,393.8508109447807,409.56412874750805,392.6414999422028,395.8294539340243
2011-06-01,393.95,390.86833333333334,100.78841553634857,393.19632250533226,408.94341641940844,393.03404995954196,394.9705330385639
2011-07-01,392.72,391.06083333333333,100.42427329081367,391.45693158127824,407.1246159564055,392.9398349716794,392.97398547529343
2011-08-01,390.33,391.21000000000004,99.77505687482426,389.4000797282299,405.0451296499148,392.1568844801755,391.2877711692823
2011-09-01,389.28,391.39750000000004,99.45898990157063,388.1155277494987,403.7083646468646,391.2938191361228,389.67455214889674
2011-10-01,389.19,391.5441666666667,99.39874811909256,388.3181933182085,403.9837182360216,390.66267339528594,390.1817818154379
2011-11-01,390.48,391.6783333333333,99.69405166654613,389.78678957266516,405.5725017783003,390.60787137670013,391.3308594267759
2011-12-01,392.06,391.8508333333333,100.05337915575869,391.13133712066775,407.01794144244633,391.04350996369004,392.5257893279972
2012-01-01,393.31,392.00166666666667,100.33375708436614,392.26038732150215,407.03744287702943,391.72345697458303,394.3742716728818
2012-02-01,394.04,392.1675,100.47747454850287,393.0180228874994,407.90250651366676,392.41841988220807,394.6711954657732
2012-03-01,394.59,392.31666666666666,100.57946386847358,393.68594345227643,408.65756205778365,393.06989391754564,395.34633059176656
2012-04-01,396.38,392.5616666666666,100.97267096040115,395.1764038114874,410.14767167465,394.0629257422819,396.3354842966554
2012-05-01,396.93,392.77166666666665,101.05871519924638,395.9011854065703,409.56412874750805,394.92304801959733,397.14060427917315
2012-06-01,395.91,392.93500000000006,100.75712267932356,395.2752981190583,408.94341641940844,395.2191336137181,396.6015811649031
2012-07-01,394.56,393.08833333333337,100.37438574027043,393.48648519833546,407.1246159564055,395.0213935296026,395.2481038993027
2012-08-01,392.59,393.27666666666664,99.82539857437088,391.4571850291466,405.0451296499148,394.2919754707218,393.139265535253
2012-09-01,391.32,393.44666666666666,99.45947777758951,390.1475116080569,403.7083646468646,393.40038282950525,391.8514842485396
2012-10-01,391.27,393.62,99.40297749098114,390.37692364355627,403.9837182360216,392.7612679806536,391.90204709016155
2012-11-01,393.2,393.8466666666666,99.835807505459,391.9446513096944,405.5725017783003,392.8928875864575,393.240209029014
2012-12-01,394.57,394.0558333333333,100.13048066369615,393.33228841382834,407.01794144244633,393.3960213105202,394.75785693612227
2013-01-01,395.78,394.26166666666666,100.3851080289317,394.5218789189356,407.03744287702943,394.1112149173641,395.8687539721364
2013-02-01,397.03,394.51083333333327,100.63855449681358,395.3664383824933,407.90250651366676,394.98685044215483,396.7651815740806
2013-03-01,397.66,394.76666666666665,100.73292240141858,396.1444945244326,408.65756205778365,395.7887953095084,397.38237087812934
2013-04-01,398.64,394.9549999999999,100.93301768555914,397.5856784302237,410.14767167465,396.6441567166558,398.9106393689134
2013-05-01,400.02,395.2124999999999,101.21643419679287,398.36146676608746,409.56412874750805,397.656909701659,399.59737287569584
2013-06-01,398.81,395.45416666666665,100.84860234540456,397.8094687965958,408.94341641940844,398.00283679116126,398.51675351065245
2013-07-01,397.51,395.7,100.45741723527925,396.1007971736157,407.1246159564055,397.85498575381285,397.35805498113655
2013-08-01,395.39,395.9333333333333,99.86277151035529,394.10156071435745,405.0451296499148,397.115490027669,395.29588473933086
2013-09-01,393.72,396.1333333333333,99.39077751598789,392.8116498593751,403.7083646468646,396.0968430193683,394.0930903643407
2013-10-01,393.9,396.3524999999999,99.3812326149072,393.08691029021037,403.9837182360216,395.43779011355775,393.89526115106713
2013-11-01,395.36,396.5324999999999,99.70431175250455,394.61751386866644,405.5725017783003,395.4144530794904,396.1332676943285
2013-12-01,397.03,396.73749999999995,100.07372633038219,396.00903114300104,407.01794144244633,395.89911715564324,397.2920551310613
2014-01-01,398.04,396.92583333333334,100.28069895509446,397.1878039325768,407.03744287702943,396.5413820089502,398.45790793210807
2014-02-01,398.27,397.02916666666664,100.31252951609349,397.8902334130309,407.90250651366676,397.0599674062651,399.74194018060854
2014-03-01,399.91,397.2166666666666,100.67805144127892,398.6030455965887,408.65756205778365,397.9149771843856,400.37809240426157
2014-04-01,401.51,397.45583333333326,101.02002947916647,400.1031690746623,410.14767167465,398.99348402906986,401.138149545729
2014-05-01,401.96,397.61749999999995,101.09212999930838,400.7856292801083,409.56412874750805,399.88343882034883,402.84644499538314
2014-06-01,401.43,397.8358333333333,100.90342959721661,400.20532053209126,408.94341641940844,400.34740717424415,401.63314685944084
2014-07-01,399.27,397.98249999999996,100.32350668685181,398.38560907543217,407.1246159564055,400.0241850219709,400.09302897628766
2014-08-01,397.18,398.1316666666666,99.7609668493254,396.2897235304133,405.0451296499148,399.1709295153796,398.13699866472587
2014-09-01,395.54,398.2833333333333,99.31121061221076,394.9436215369188,403.7083646468646,398.0816506607657,396.74694786941285
2014-10-01,396.16,398.47166666666664,99.41986674083897,395.1886169210252,403.9837182360216,397.505155462536,396.5285672290644
2014-11-01,397.4,398.6416666666666,99.68852561824531,396.7164946743625,405.5725017783003,397.4736088237751,397.8241746348395
2014-12-01,399.08,398.8125,100.06707412631248,398.08022113543115,407.01794144244633,397.95552617664254,399.7593143596739
2015-01-01,400.18,398.99083333333334,100.29804360584724,399.2541668302318,407.03744287702943,398.62286832364975,400.94345924520786
2015-02-01,400.55,399.18083333333334,100.34299408998011,400.0465665595723,407.90250651366676,399.2010078265548,400.7869096508096
2015-03-01,401.74,399.33333333333326,100.60267111853089,400.72709992423387,408.65756205778365,399.96270547858836,402.448160770813
2015-04-01,403.35,399.4866666666666,100.96707441216228,402.14752918812354,410.14767167465,400.97889383501183,404.3521395596467
2015-05-01,404.15,399.6691666666667,101.12113560590738,402.8536431780706,409.56412874750805,401.9302256845083,404.69285484548215
2015-06-01,402.97,399.7975,100.79352672290347,402.178670771894,408.94341641940844,402.2421579791558,404.032721857445
2015-07-01,401.46,399.97999999999996,100.37001850092504,400.385132306047,407.1246159564055,402.007510585409,401.91614751283066
2015-08-01,399.11,400.14083333333326,99.74238236954075,398.2895948531998,405.0451296499148,401.1382574097863,399.70134888394557
2015-09-01,397.82,400.33083333333326,99.37281040472777,396.973952704254,403.7083646468646,400.1427801868504,398.1329773818945
2015-10-01,398.49,400.5249999999999,99.49191685912243,397.22503262622666,403.9837182360216,399.6469461307953,398.8419336331086
2015-11-01,400.27,400.7641666666666,99.8766938993631,398.8287444223308,405.5725017783003,399.83386229155667,400.30092976921287
2015-12-01,402.06,401.01249999999993,100.26121380256228,400.27618160933287,407.01794144244633,400.50170360408964,401.7096356478388
2016-01-01,402.73,401.2249999999999,100.37510125241451,401.4898080443611,407.03744287702943,401.17019252286275,402.8872940093192
2016-02-01,404.25,401.5333333333333,100.67657313631082,402.4041686016662,407.90250651366676,402.0941347660039,403.36507905743645
2016-03-01,405.06,401.80999999999995,100.80883999900452,403.212410735951,408.65756205778365,402.98389433620275,404.37997278114295
2016-04-01,407.6,402.16416666666663,101.35164536870309,404.8428632236388,410.14767167465,404.36872603534187,406.2416626633192
2016-05-01,407.9,402.47666666666663,101.34749012365107,405.6835127240637,409.56412874750805,405.4281082247393,406.8916682101933
2016-06-01,406.99,402.8116666666666,101.03729203473917,405.2107896407837,408.94341641940844,405.89667575731744,405.8497533584139
2016-07-01,404.59,403.07249999999993,100.3764831388894,403.4807646418049,407.1246159564055,405.50467303012215,404.002293534515
2016-08-01,402.45,403.3508333333333,99.77666258282183,401.48474389317226,405.0451296499148,404.5882711210854,401.4218211436743
2016-09-01,401.23,403.635,99.40416465370943,400.25041305365744,403.7083646468646,403.58078978475976,400.55181092507627
2016-10-01,401.79,403.90999999999997,99.47513059840065,400.58214325712316,403.9837182360216,403.04355284933183,400.92675178119003
2016-11-01,403.72,404.1975,99.88186468248816,402.24549705744255,405.5725017783003,403.24648699453223,402.89680257346026
2016-12-01,404.64,404.4125,100.05625444317371,403.66993870536294,407.01794144244633,403.6645408961725,404.7559244731392
2017-01-01,406.36,404.71500000000003,100.40645886611566,404.98211144039794,407.03744287702943,404.47317862732075,405.5646802524618
2017-02-01,406.65,404.91499999999996,100.42848499067706,405.7931693408857,407.90250651366676,405.1262250391245,406.98730869751597
2017-03-01,407.53,405.1208333333333,100.5946785424102,406.534799650807,408.65756205778365,405.8473575273871,407.6881987389559
2017-04-01,409.22,405.25583333333327,100.97818867505508,407.95512256747986,410.14767167465,406.859150269171,410.188589977677
2017-05-01,409.89,405.4216666666666,101.10214468064116,408.6519778399852,409.56412874750805,407.76840518841965,410.7309310740706
2017-06-01,409.08,405.5958333333333,100.85902427498638,408.0115386429846,408.94341641940844,408.1618836318937,409.6228789280283
2017-07-01,407.33,405.82416666666666,100.37105560905893,406.23521842048257,407.1246159564055,407.9123185423256,407.26968263177923
2017-08-01,405.32,406.0633333333333,99.81694152800468,404.18469460062556,405.0451296499148,407.13462297962786,405.06597710706757
2017-09-01,403.57,406.25833333333327,99.33826998420547,402.8517490385054,403.7083646468646,406.06523608573946,404.11442935876426
2017-10-01,403.82,406.42749999999995,99.35843416107424,403.07890131126834,403.9837182360216,405.3916652600176,404.50031518886203
2017-11-01,405.31,406.55999999999995,99.6925423061787,404.59658776631187,405.5725017783003,405.3671656820122,406.3402309674205
2017-12-01,407.0,406.7566666666666,100.0598228260959,406.009801134562,407.01794144244633,405.85701597740854,407.5258035741337
2018-01-01,408.15,406.90583333333325,100.30576279933729,407.17439072124324,407.03744287702943,406.54491118418593,409.27791139253185
2018-02-01,408.52,407.0616666666666,100.35825857671034,407.94449164355444,407.90250651366676,407.1374378289301,409.4126208931137
2018-03-01,409.59,407.23333333333335,100.57870180895472,408.65467276914575,408.65756205778365,407.87320648025104,410.42951927718997
2018-04-01,410.45,407.3358333333333,100.76452067601878,410.0489768322313,410.14767167465,408.6462445361757,411.85691260449295
2018-05-01,411.44,407.4649999999999,100.97554391174704,410.7115920064366,409.56412874750805,409.48437117532296,412.642898247724
2018-06-01,410.99,407.6241666666666,100.8257197704585,410.05195261226237,408.94341641940844,409.93605982272607,411.64824030739805
2018-07-01,408.9,407.75499999999994,100.28080587607755,408.16800745900343,407.1246159564055,409.62524187590816,409.82705925750486
2018-08-01,407.16,407.9083333333333,99.81654374961695,406.0211587684603,405.0451296499148,408.88566931313574,408.03766313509203
2018-09-01,405.71,408.08666666666664,99.41760737098329,404.66475131002903,403.7083646468646,407.932968519195,406.1267744646027
2018-10-01,406.19,408.28416666666664,99.48708109751992,404.9202707070432,403.9837182360216,407.4100779634365,406.5517445318768
2018-11-01,408.21,408.52583333333325,99.9226895075995,406.5529274425808,405.5725017783003,407.65005457440554,407.9490749283947
2018-12-01,409.27,408.7149999999999,100.1357914439157,407.96453867761846,407.01794144244633,408.13603820208385,409.78815977652584
2019-01-01,411.03,408.955,100.50739078871757,409.2249098355829,407.03744287702943,409.00422674145864,410.8817442994928
2019-02-01,411.96,409.2416666666667,100.66423669795759,410.12921957204105,407.90250651366676,409.890958719021,411.1892778112154
2019-03-01,412.18,409.4575,100.66490417198366,410.8866022968957,408.65756205778365,410.5776711033147,412.1380149921375
2019-04-01,413.54,409.7149999999999,100.93357577828492,412.44399042432457,410.14767167465,411.46636977232026,413.1525189772738
2019-05-01,414.86,410.0,101.18536585365854,413.26679033202623,409.56412874750805,412.48445884062414,414.00493972971094
2019-06-01,414.15,410.2633333333333,100.94735901331664,412.70683800285514,408.94341641940844,412.98412118843686,413.4455811293965
2019-07-01,411.96,410.5183333333333,100.35118204221492,410.9341397212975,407.1246159564055,412.6768848319058,411.5660112567615
2019-08-01,410.17,410.7691666666666,99.85413543291753,408.868756549931,405.0451296499148,411.924819382334,409.7629128977185
2019-09-01,408.76,411.0233333333333,99.44934188651091,407.5767932447826,403.7083646468646,410.97537356763377,408.3317616075631
2019-10-01,408.74,411.2358333333333,99.39308952891996,407.84761828327044,403.9837182360216,410.30476149734363,408.8844432561549
2019-11-01,410.47,411.4241666666667,99.76808200782243,409.4372637690174,405.5725017783003,410.3543330481405,410.9324756295909
2019-12-01,411.97,411.64916666666664,100.0779385358487,410.893317779364,407.01794144244633,410.83903313369836,411.9814522223248
2020-01-01,413.59,411.86249999999995,100.4194360982124,412.134328782281,407.03744287702943,411.6643231935888,413.8445433159703
2020-02-01,414.32,412.0591666666666,100.54866716147157,412.95283009429363,407.90250651366676,412.4610262355121,414.92890112268816
2020-03-01,414.72,412.2708333333333,100.59406741118804,413.70975482056895,408.65756205778365,413.13871836485845,414.73320450213936
2020-04-01,416.42,412.5108333333333,100.94765187984962,415.25844597650445,410.14767167465,414.1231028554009,416.11636683357415
2020-05-01,417.28,412.7125,101.10670260774752,416.000902938796,409.56412874750805,415.07017199878055,417.3438291082415
2020-06-01,416.58,412.915,100.88759187726286,415.3742978427244,408.94341641940844,415.52312039914636,416.833217920351
2020-07-01,414.58,413.1333333333333,100.35016943682426,413.5517884061826,407.1246159564055,415.24018427940246,414.5990923486514
2020-08-01,412.75,413.34833333333336,99.85524718861008,411.4359907863575,405.0451296499148,414.4931289955817,412.8951996261552
2020-09-01,411.5,413.57666666666665,99.49787625027201,410.1087161982686,403.7083646468646,413.59519029690716,411.73665453313185
2020-10-01,411.49,413.80583333333334,99.44035749455763,410.3964437844237,403.9837182360216,412.963633207835,411.2874886660184
2020-11-01,413.1,414.025,99.77658353964134,412.0255368210037,405.5725017783003,413.0045432454845,412.9081090034309
2020-12-01,414.23,414.2133333333333,100.00402369149552,413.45277625595327,407.01794144244633,413.37218027183917,414.8486687151106
2021-01-01,415.49,414.37166666666667,100.26988653503497,414.6451514960983,407.03744287702943,414.00752619028736,416.009307184951
2021-02-01,416.72,414.57166666666666,100.51820553744226,415.4707791403132,407.90250651366676,414.82126833320115,416.87627282287644
2021-03-01,417.61,414.8125,100.67440108482748,416.2602924974657,408.65756205778365,415.6578878332408,417.53951892101577
2021-04-01,419.01,415.0283333333333,100.95937225169367,417.79271429934647,410.14767167465,416.66352148326854,419.0027753104097
2021-05-01,419.09,415.1791666666667,100.94196280722176,418.4872234659968,409.56412874750805,417.39146503828795,420.0290650015017
2021-06-01,418.93,415.375,100.85585314474872,417.84894946035297,408.94341641940844,417.8530255268015,419.1814632140233
2021-07-01,416.9,415.56833333333327,100.32044469220867,415.9892547724139,407.1246159564055,417.56711786876104,417.52015998010813
2021-08-01,414.42,415.7075,99.69028704076786,413.7842428455895,405.0451296499148,416.62298250813274,415.3867771866263
2021-09-01,413.26,415.85416666666663,99.37618355793798,412.36711875436436,403.7083646468646,415.6140877556929,413.98762752887654
2021-10-01,413.9,416.05499999999995,99.48203963418298,412.6270793316391,403.9837182360216,415.09986142898504,414.26423363436095
2021-11-01,414.97,416.2108333333333,99.70187384999191,414.20081404476537,405.5725017783003,415.0609030002895,415.9527227023344
2021-12-01,416.67,416.4141666666667,100.06143723096197,415.64956853306495,407.01794144244633,415.5436321002027,416.8486813655387
2022-01-01,418.13,416.6341666666666,100.35902800418435,416.9091447435289,407.03744287702943,416.31954247014187,418.18003428326244
2022-02-01,419.24,416.84416666666664,100.57475515430427,417.7482076804442,407.90250651366676,417.19567972909925,419.4709868558143
2022-03-01,418.76,416.93999999999994,100.43651364704755,418.39521796930734,408.65756205778365,417.66497581036947,420.15340897890206
2022-04-01,420.19,417.0383333333333,100.7557258925039,419.8161023148033,410.14767167465,418.42248306725855,421.81553364376526
2022-05-01,420.97,417.19499999999994,100.90485264684384,420.51911851846256,409.56412874750805,419.186738147081,421.86813249972585
2022-06-01,420.94,417.36249999999995,100.85716852855732,419.84828689532725,408.94341641940844,419.71271670295664,421.68075011062507
2022-07-01,418.85,417.525,100.31734626669062,417.94790331037126,407.1246159564055,419.4539016920696,419.68959729394714
2022-08-01,417.15,417.7525,99.85577584813974,415.81978171996457,405.0451296499148,418.7627311844487,416.98613338650046
2022-09-01,415.91,417.9733333333333,99.5063480923823,414.4685156442844,403.7083646468646,417.90691182911405,415.8760462678754
2022-10-01,415.74,418.1266666666666,99.4292000829095,414.6816773199228,403.9837182360216,417.2568382803798,416.85258123465354
2022-11-01,417.47,418.3349999999999,99.79322791542666,416.3147224105176,405.5725017783003,417.3207867962658,417.69526821055763
2022-12-01,418.99,418.5283333333333,100.11030714766424,417.75985327635607,407.01794144244633,417.82155075738604,419.27338534628365
2023-01-01,419.47,418.64,100.19826103573477,418.9163019245844,407.03744287702943,418.3160855301702,420.8030094381329
2023-02-01,420.31,418.72916666666663,100.37753122045874,419.6372958204429,407.90250651366676,418.91425987111916,422.11097428407135
2023-03-01,420.99,418.91499999999996,100.49532721435138,420.37711118053534,408.65756205778365,419.53698190978344,421.5610991820403
2023-04-01,423.31,419.17499999999995,100.98646150175942,421.9670006861263,410.14767167465,420.6688873368484,422.82265366582266
2023-05-01,424.0,419.4274999999999,101.09017649057348,422.7694065902095,409.56412874750805,421.66822113579383,423.89878420508904
2023-06-01,423.68,419.6558333333333,100.95892070287758,422.15527918926824,408.94341641940844,422.27175479505564,423.5292568217765
2023-07-01,421.83,419.90416666666664,100.45863639520923,420.32947979072395,407.1246159564055,422.1392283565389,421.30114833334613
2023-08-01,419.68,420.11499999999995,99.89645692250933,418.1713516909723,405.0451296499148,421.40145984957724,419.7738217439081
2023-09-01,418.5,420.33083333333326,99.56443039907059,416.80624737907937,403.7083646468646,420.53102189470405,418.4072942802209
2023-10-01,418.82,420.5875,99.57975451006034,417.12223558999597,403.9837182360216,420.0177153262928,418.40244509567844
2023-11-01,420.46,420.83666666666664,99.91049575844943,418.8043077043539,405.5725017783003,420.1504007284049,419.9988938950872
2023-12-01,421.86,421.0758333333333,100.18622932132178,420.30267568874916,407.01794144244633,420.6632805098834,421.79429978304563
2024-01-01,422.8,421.35333333333335,100.34333813268357,421.6314260548365,407.03744287702943,421.30429635691837,422.12922218954844
2024-02-01,424.55,421.7066666666667,100.67424434045782,422.62125334662124,407.90250651366676,422.27800744984285,423.00956638240933
2024-03-01,425.38,422.0725,100.783633143595,423.54563159291627,408.65756205778365,423.20860521488993,423.9127457562452
2024-04-01,426.51,422.33916666666664,100.98755542050523,425.15224293102256,410.14767167465,424.19902365042293,425.9909663707024
2024-05-01,426.9,422.5808333333333,101.02209242018785,425.94786499390136,409.56412874750805,425.00931655529604,426.576276497285
2024-06-01,426.91,422.84999999999997,100.96015135390802,425.3684701277406,408.94341641940844,425.57952158870717,426.4870855819712
2024-07-01,425.55,423.15999999999997,100.56479818508366,423.588610897112,407.1246159564055,425.57066511209496,424.62777207166886
2024-08-01,422.99,423.43583333333333,99.89471053268598,421.47682129748586,405.0451296499148,424.79646557846644,422.17548320864154
2024-09-01,422.03,423.7299999999999,99.59880112335688,420.17691112818824,403.7083646468646,423.96652590492647,421.28982783427347
2024-10-01,422.38,424.0266666666666,99.61165964404756,420.53306660272597,403.9837182360216,423.4905681334485,421.43217622248886
2024-11-01,423.85,424.3091666666666,99.89178488169988,422.26003785739044,405.5725017783003,423.598397693414,423.34397109341654
2024-12-01,425.4,424.60416666666663,100.18742946862274,423.8245304790901,407.01794144244633,424.1388783853898,424.50609474849523
2025-01-01,426.65,424.92499999999995,100.40595399188092,425.205450017447,407.03744287702943,424.89221486977283,425.44946820601774
2025-02-01,427.09,425.1366666666666,100.4594600951851,426.0586922432766,407.90250651366676,425.55155040884097,427.12494527113824
2025-03-01,428.15,425.36749999999995,100.65414024343657,426.8521319124079,408.65756205778365,426.3310852861886,428.11849900153686
2025-04-01,429.64,425.6283333333332,100.9425281055068,428.4633177639446,410.14767167465,427.323759700332,429.01624426882967
2025-05-01,,425.62833333333333,,429.0196468074059,409.56412874750805,427.91449613082904,432.46211686928723
2025-06-01,,425.52236111111114,,428.34104032870556,408.94341641940844,428.38708527522664,432.5414922514548
2025-07-01,,425.406724537037,,426.35563465614877,407.1246159564055,428.75924922643975,432.9966583094073
2025-08-01,,425.39478491512347,,424.0205250522633,405.0451296499148,429.0463471316613,432.97162804867895
2025-09-01,,425.5951836580504,,422.5044661560269,403.7083646468646,429.26167056057744,433.1278723924515
2025-10-01,,425.8922822962213,,422.60595538930875,403.9837182360216,429.4167034293971,433.1606345946158
2025-11-01,,426.1849724875731,,424.07765641383463,405.5725017783003,429.52135061585034,433.6063337322577
2025-12-01,,426.3795535282041,,425.3720940960911,407.01794144244633,429.5841389277223,433.91078350776166
2026-01-01,,426.46118298888774,,426.43351157707497,407.03744287702943,429.61239366806467,434.2305879210105
2026-02-01,,426.4454482379618,,427.05839989815416,407.90250651366676,429.61239366806467,434.13341238935897
2026-03-01,,426.3917355911253,,427.6188762526805,408.65756205778365,429.58950732838736,434.8608215108195
2026-04-01,,426.2452135570524,,428.925358805484,410.14767167465,429.54831191696815,434.64131127637063
2026-05-01,,,,,,,
2026-06-01,,,,,,,
2026-07-01,,,,,,,
2026-08-01,,,,,,,
2026-09-01,,,,,,,
2026-10-01,,,,,,,
2026-11-01,,,,,,,
2026-12-01,,,,,,,
2027-01-01,,,,,,,
2027-02-01,,,,,,,
2027-03-01,,,,,,,
2027-04-01,,,,,,,
2027-05-01,,,,,,,
2027-06-01,,,,,,,
2027-07-01,,,,,,,
2027-08-01,,,,,,,
2027-09-01,,,,,,,
2027-10-01,,,,,,,
2027-11-01,,,,,,,
2027-12-01,,,,,,,
2028-01-01,,,,,,,
2028-02-01,,,,,,,
2028-03-01,,,,,,,
2028-04-01,,,,,,,
2028-05-01,,,,,,,
2028-06-01,,,,,,,
2028-07-01,,,,,,,
2028-08-01,,,,,,,
2028-09-01,,,,,,,
2028-10-01,,,,,,,
2028-11-01,,,,,,,
2028-12-01,,,,,,,
2029-01-01,,,,,,,
2029-02-01,,,,,,,
2029-03-01,,,,,,,
2029-04-01,,,,,,,
2029-05-01,,,,,,,
2029-06-01,,,,,,,
2029-07-01,,,,,,,
2029-08-01,,,,,,,
2029-09-01,,,,,,,
2029-10-01,,,,,,,
2029-11-01,,,,,,,
2029-12-01,,,,,,,
2030-01-01,,,,,,,
2030-02-01,,,,,,,
2030-03-01,,,,,,,
2030-04-01,,,,,,,
